site_name,website
http://www.fs.usda.gov/recarea/lpnf/recreation/camping-cabins/recarea/?recid=10905&actid=29,ALDER CREEK CAMPGROUND
http://www.fs.usda.gov/recarea/lpnf/recreation/camping-cabins/recarea/?recid=10977&actid=29,ALISO PARK  Campground
http://www.fs.usda.gov/recarea/lpnf/recreation/picnickinginfo/recarea/?recid=11110&actid=29,American Canyon Campground
http://www.fs.usda.gov/recarea/lpnf/recreation/camping-cabins/recarea/?recid=10906&actid=29,Arroyo Seco Campground
http://www.fs.usda.gov/recarea/lpnf/recreation/picnickinginfo/recarea/?recid=11111&actid=29,Baja Campground
http://www.fs.usda.gov/recarea/lpnf/recreation/camping-cabins/recarea/?recid=10978&actid=29,Ballinger Canyon OHV Staging Area
http://www.fs.usda.gov/recarea/lpnf/recreation/picnickinginfo/recarea/?recid=11112&actid=29,Barrel Springs Campground
http://www.fs.usda.gov/recarea/lpnf/recreation/picnickinginfo/recarea/?recid=11113&actid=29,Bates Canyon Campground
http://www.fs.usda.gov/recarea/lpnf/recreation/camping-cabins/recarea/?recid=10907&actid=29,Bottcher's Gap Campground
http://www.fs.usda.gov/recarea/lpnf/recreation/picnickinginfo/recarea/?recid=11114&actid=29,Brookshire Campground
http://www.fs.usda.gov/recarea/lpnf/recreation/picnickinginfo/recarea/?recid=11115&actid=29,Buck Springs Campground
http://www.fs.usda.gov/recarea/lpnf/recreation/camping-cabins/recarea/?recid=10979&actid=29,Caballo Campground
http://www.fs.usda.gov/recarea/lpnf/recreation/camping-cabins/recarea/?recid=10980&actid=29,Campo Alto Campground
http://www.fs.usda.gov/recarea/lpnf/recreation/picnickinginfo/recarea/?recid=77811&actid=29,Cerro Alto Campground
http://www.fs.usda.gov/recarea/lpnf/recreation/camping-cabins/recarea/?recid=10908&actid=29,CHINA CAMP CAMPGROUND
http://www.fs.usda.gov/recarea/lpnf/recreation/camping-cabins/recarea/?recid=10981&actid=29,Chuchupate Campground
http://www.fs.usda.gov/recarea/lpnf/recreation/camping-cabins/recarea/?recid=10982&actid=29,Chula Vista Campground
http://www.fs.usda.gov/recarea/lpnf/recreation/camping-cabins/recarea/?recid=81875&actid=29 ,Colson Canyon Campground
http://www.fs.usda.gov/recarea/lpnf/recreation/picnickinginfo/recarea/?recid=11120&actid=29,Davy Brown Campground
http://www.fs.usda.gov/recarea/lpnf/recreation/camping-cabins/recarea/?recid=10983&actid=29,Dome Springs Campground
http://www.fs.usda.gov/recarea/lpnf/recreation/camping-cabins/recarea/?recid=10984&actid=29,Dutchman Campground
http://www.fs.usda.gov/recarea/lpnf/recreation/camping-cabins/recarea/?recid=10909&actid=29,ESCONDIDO CAMPGROUND
http://www.fs.usda.gov/recarea/lpnf/recreation/picnickinginfo/recarea/?recid=11121&actid=29,Figuero Campground
http://www.fs.usda.gov/recarea/lpnf/recreation/camping-cabins/recarea/?recid=11064&actid=29,Fremont Campground
http://www.fs.usda.gov/recarea/lpnf/recreation/picnickinginfo/recarea/?recid=11123&actid=29,Friis Campground
http://www.fs.usda.gov/recarea/lpnf/recreation/ohv/recarea/?recid=81850&actid=32,GOLDHILL CAMPING AREA
http://www.fs.usda.gov/recarea/lpnf/recreation/camping-cabins/recarea/?recid=10985&actid=29,Halfmoon Campground
http://www.fs.usda.gov/recarea/lpnf/recreation/picnickinginfo/recarea/?recid=11124&actid=29,Hi Mountain Campground
http://www.fs.usda.gov/recarea/lpnf/recreation/picnickinginfo/recarea/?recid=11125&actid=29,Horseshoe Campground
http://www.fs.usda.gov/recarea/lpnf/recreation/camping-cabins/recarea/?recid=10987&actid=29,Kings Camp Campground
http://www.fs.usda.gov/recarea/lpnf/recreation/camping-cabins/recarea/?recid=10910&actid=29,KIRK CREEK CAMPGROUND
http://www.fs.usda.gov/recarea/lpnf/recreation/picnickinginfo/recarea/?recid=11126&actid=29,La Panza  Campground
http://www.fs.usda.gov/recarea/lpnf/recreation/picnickinginfo/recarea/?recid=11127&actid=29,Lazy Campground
http://www.fs.usda.gov/recarea/lpnf/recreation/camping-cabins/recarea/?recid=11068&actid=29,Los Prietos Campground
http://www.fs.usda.gov/recarea/lpnf/recreation/camping-cabins/recarea/?recid=10988&actid=29,Marian Campground
http://www.fs.usda.gov/recarea/lpnf/recreation/camping-cabins/recarea/?recid=10989&actid=29,McGill Campground
http://www.fs.usda.gov/recarea/lpnf/recreation/camping-cabins/recarea/?recid=10911&actid=29,MEMORIAL PARK CAMPGROUND
http://www.fs.usda.gov/recarea/lpnf/recreation/hiking/recarea/?recid=11023&actid=50,Middle Lion Campground
http://www.fs.usda.gov/recarea/lpnf/recreation/camping-cabins/recarea/?recid=11070&actid=29,Middle Santa Ynez Campground
