ProductName,SoftwarePublisher
Infragistics Netadvantage Ultimate 2013,Infragistics
Infragistics Netadvantage Ultimate 2013 Infragistics Ultimate 2013 Vol. 2 Priority Support ,Infragistics
Infragistics Netadvantage Ultimate 2013 Infragistics Ultimate 2013 Vol. 2 ,Infragistics
Infragistics Netadvantage Ultimate 2013 Upgrade to Infragistics Ultimate 2013 Vol. 2 Priority Support from Professional Priority Support,Infragistics
Infragistics Netadvantage Ultimate 2013 Upgrade to Infragistics Ultimate 2013 Vol. 2 from Professional ,Infragistics
Infragistics Netadvantage Ultimate 2013 Upgrade to Infragistics Ultimate 2013 Vol. 2 Priority Support from Ignite UI Priority Support,Infragistics
Infragistics Netadvantage Ultimate 2013 Upgrade to Infragistics Ultimate 2013 Vol. 2 from Ignite UI,Infragistics
Infragistics Netadvantage Ultimate 2013 Upgrade to Infragistics Ultimate 2013 Vol. 2 Priority Support from NUCLiOS Priority Support,Infragistics
Infragistics Netadvantage Ultimate 2013 Upgrade to Infragistics Ultimate 2013 Vol. 2 from NUCLiOS,Infragistics
Infragistics Netadvantage Ultimate 2013 Upgrade to Infragistics Ultimate 2013 Vol. 2 from Indigo Studio,Infragistics
Infragistics Netadvantage Ultimate 2013 Returning Customer to Infragistics Ultimate 2013 Vol. 2 Priority Support,Infragistics
Infragistics Netadvantage Ultimate 2013 Returning Customer to Infragistics Ultimate 2013 Vol. 2 ,Infragistics
Infragistics Netadvantage Ultimate 2013 Upgrade Infragistics Ultimate to Priority Support,Infragistics
Infragistics Netadvantage Ultimate 2013 Infragistics Ultimate Priority Support Renewal,Infragistics
Infragistics Netadvantage Ultimate 2013 Infragistics Ultimate 3 Year Priority Support Renewal,Infragistics
Infragistics Netadvantage Ultimate 2013 Infragistics Ultimate 2 Year Priority Support Renewal,Infragistics
Infragistics Netadvantage Ultimate 2013 Infragistics Ultimate Renewal,Infragistics
Infragistics Netadvantage Ultimate 2013 Infragistics Ultimate 3 Year Renewal,Infragistics
Infragistics Netadvantage Ultimate 2013 Infragistics Ultimate 2 Year Renewal,Infragistics
Infragistics Netadvantage Ultimate 2013 Infragistics Ultimate Late Renewal Penalty,Infragistics
Infragistics Netadvantage Ultimate 2013 Infragistics Ultimate Priority Support Extension,Infragistics
